{
    "deviceName": "Sorting Station",
    "deviceID": "DHBK2019-2",
    "longitude": "106.677597",
    "latitude": "11.073170",
    "period": "5000",
    "PLCs": [
        {
            "name": "Controller",
            "protocol": "OPCUA",
            "ipAddress": "opc.tcp://192.168.1.161:4840",
            "variables": [
                {
                    "name": "Start",
                    "dataType": "Bool",
                    "plc": "Controller",
                    "address": "ns=3;s=\"Scada_Start\"",
                    "access": "read/write",
                    "unit": "",
                    "isAlarm": false,
                    "alarmType": null,
                    "parameters": {
                        "lolo": null,
                        "lo": null,
                        "hi": null,
                        "hihi": null,
                        "deadband": null
                    },
                    "isHistory": false
                },
                {
                    "name": "Stop",
                    "dataType": "Bool",
                    "plc": "Controller",
                    "address": "ns=3;s=\"Scada_Stop\"",
                    "access": "read/write",
                    "unit": "",
                    "isAlarm": false,
                    "alarmType": null,
                    "parameters": {
                        "lolo": null,
                        "lo": null,
                        "hi": null,
                        "hihi": null,
                        "deadband": null
                    },
                    "isHistory": false
                },
                {
                    "name": "StartLight",
                    "dataType": "Bool",
                    "plc": "Controller",
                    "address": "ns=3;s=\"Start_Light\"",
                    "access": "read",
                    "unit": "",
                    "isAlarm": false,
                    "alarmType": null,
                    "parameters": {
                        "lolo": null,
                        "lo": null,
                        "hi": null,
                        "hihi": null,
                        "deadband": null
                    },
                    "isHistory": false
                },
                {
                    "name": "StopLight",
                    "dataType": "Bool",
                    "plc": "Controller",
                    "address": "ns=3;s=\"Stop_Light\"",
                    "access": "read",
                    "unit": "",
                    "isAlarm": false,
                    "alarmType": null,
                    "parameters": {
                        "lolo": null,
                        "lo": null,
                        "hi": null,
                        "hihi": null,
                        "deadband": null
                    },
                    "isHistory": false
                },
                {
                    "name": "BlueProduct",
                    "dataType": "uInt",
                    "plc": "Controller",
                    "address": "ns=3;s=\"Blue_Counter\"",
                    "access": "read",
                    "unit": "product",
                    "isAlarm": false,
                    "alarmType": null,
                    "parameters": {
                        "lolo": null,
                        "lo": null,
                        "hi": null,
                        "hihi": null,
                        "deadband": null
                    },
                    "isHistory": false
                },
                {
                    "name": "GreenProduct",
                    "dataType": "uInt",
                    "plc": "Controller",
                    "address": "ns=3;s=\"Green_Counter\"",
                    "access": "read/write",
                    "unit": "product",
                    "isAlarm": false,
                    "alarmType": null,
                    "parameters": {
                        "lolo": null,
                        "lo": null,
                        "hi": null,
                        "hihi": null,
                        "deadband": null
                    },
                    "isHistory": false
                },
                {
                    "name": "OtherProduct",
                    "dataType": "uInt",
                    "plc": "Controller",
                    "address": "ns=3;s=\"Other_Counter\"",
                    "access": "read",
                    "unit": "product",
                    "isAlarm": false,
                    "alarmType": null,
                    "parameters": {
                        "lolo": null,
                        "lo": null,
                        "hi": null,
                        "hihi": null,
                        "deadband": null
                    },
                    "isHistory": false
                },
                {
                    "name": "TotalRunningTime",
                    "dataType": "uDInt",
                    "plc": "Controller",
                    "address": "ns=3;s=\"RunningTime\"",
                    "access": "read",
                    "unit": "min",
                    "isAlarm": false,
                    "alarmType": null,
                    "parameters": {
                        "lolo": null,
                        "lo": null,
                        "hi": null,
                        "hihi": null,
                        "deadband": null
                    },
                    "isHistory": false
                },
                {
                    "name": "EntryConveyor",
                    "dataType": "Bool",
                    "plc": "Controller",
                    "address": "ns=3;s=\"Entry_Conveyor\"",
                    "access": "read",
                    "unit": "",
                    "isAlarm": false,
                    "alarmType": null,
                    "parameters": {
                        "lolo": null,
                        "lo": null,
                        "hi": null,
                        "hihi": null,
                        "deadband": null
                    },
                    "isHistory": false
                },
                {
                    "name": "ExitConveyor",
                    "dataType": "Bool",
                    "plc": "Controller",
                    "address": "ns=3;s=\"Exit_Conveyor\"",
                    "access": "read",
                    "unit": "",
                    "isAlarm": false,
                    "alarmType": null,
                    "parameters": {
                        "lolo": null,
                        "lo": null,
                        "hi": null,
                        "hihi": null,
                        "deadband": null
                    },
                    "isHistory": false
                },
                {
                    "name": "MaintAlarm",
                    "dataType": "Bool",
                    "plc": "Controller",
                    "address": "ns=3;s=\"Maint_Alarm\"",
                    "access": "read",
                    "unit": "",
                    "isAlarm": true,
                    "alarmType": "0",
                    "parameters": {
                        "lolo": "",
                        "lo": "",
                        "hi": "",
                        "hihi": "",
                        "deadband": ""
                    },
                    "isHistory": false
                },
                {
                    "name": "ResetMaint",
                    "dataType": "Bool",
                    "plc": "Controller",
                    "address": "ns=3;s=\"Reset_RunningTime\"",
                    "access": "read/write",
                    "unit": "",
                    "isAlarm": false,
                    "alarmType": null,
                    "parameters": {
                        "lolo": null,
                        "lo": null,
                        "hi": null,
                        "hihi": null,
                        "deadband": null
                    },
                    "isHistory": false
                }
            ]
        }
    ],
    "user": "thesis@gmail.com",
    "creationTime": "5/19/2019, 11:35:29 PM",
    "lastActive": "2019-05-20 00:41:20",
    "published": false,
    "status": false,
    "fileName": "deviceConfig_DHBK2019-2.json"
}