{
    "deviceName": "Water Processing",
    "deviceID": "DHBK2019-1",
    "longitude": "106.676470",
    "latitude": "10.767530",
    "period": "1000",
    "PLCs": [
        {
            "name": "TankController",
            "protocol": "S7-connection",
            "ipAddress": "192.168.1.160",
            "variables": [
                {
                    "name": "Start_1",
                    "dataType": "Bool",
                    "plc": "TankController",
                    "address": "M100.0",
                    "access": "read/write",
                    "unit": "",
                    "isAlarm": false,
                    "alarmType": null,
                    "parameters": {
                        "lolo": null,
                        "lo": null,
                        "hi": null,
                        "hihi": null,
                        "deadband": null
                    },
                    "isHistory": false
                },
                {
                    "name": "Stop_1",
                    "dataType": "Bool",
                    "plc": "TankController",
                    "address": "M100.1",
                    "access": "read/write",
                    "unit": "",
                    "isAlarm": false,
                    "alarmType": null,
                    "parameters": {
                        "lolo": null,
                        "lo": null,
                        "hi": null,
                        "hihi": null,
                        "deadband": null
                    },
                    "isHistory": false
                },
                {
                    "name": "SetMode_1",
                    "dataType": "Bool",
                    "plc": "TankController",
                    "address": "M100.2",
                    "access": "read/write",
                    "unit": "",
                    "isAlarm": false,
                    "alarmType": null,
                    "parameters": {
                        "lolo": null,
                        "lo": null,
                        "hi": null,
                        "hihi": null,
                        "deadband": null
                    },
                    "isHistory": false
                },
                {
                    "name": "Man_FillValve_1",
                    "dataType": "Bool",
                    "plc": "TankController",
                    "address": "DB1.DBX8.0",
                    "access": "read/write",
                    "unit": "",
                    "isAlarm": false,
                    "alarmType": null,
                    "parameters": {
                        "lolo": null,
                        "lo": null,
                        "hi": null,
                        "hihi": null,
                        "deadband": null
                    },
                    "isHistory": false
                },
                {
                    "name": "Man_DIschargeValve_1",
                    "dataType": "Bool",
                    "plc": "TankController",
                    "address": "DB1.DBX8.1",
                    "access": "read/write",
                    "unit": "",
                    "isAlarm": false,
                    "alarmType": null,
                    "parameters": {
                        "lolo": null,
                        "lo": null,
                        "hi": null,
                        "hihi": null,
                        "deadband": null
                    },
                    "isHistory": false
                },
                {
                    "name": "Level_1",
                    "dataType": "Double",
                    "plc": "TankController",
                    "address": "DB1.DBD0",
                    "access": "read",
                    "unit": "m",
                    "isAlarm": true,
                    "alarmType": "1",
                    "parameters": {
                        "lolo": "0.3",
                        "lo": "0.7",
                        "hi": "2.5",
                        "hihi": "2.8",
                        "deadband": "0.1"
                    },
                    "isHistory": true
                },
                {
                    "name": "DischargeFlow_1",
                    "dataType": "Double",
                    "plc": "TankController",
                    "address": "DB1.DBD4",
                    "access": "read",
                    "unit": "m3/s",
                    "isAlarm": false,
                    "alarmType": null,
                    "parameters": {
                        "lolo": null,
                        "lo": null,
                        "hi": null,
                        "hihi": null,
                        "deadband": null
                    },
                    "isHistory": false
                },
                {
                    "name": "FillValve_1",
                    "dataType": "Bool",
                    "plc": "TankController",
                    "address": "DB1.DBX8.3",
                    "access": "read",
                    "unit": "",
                    "isAlarm": true,
                    "alarmType": "0",
                    "parameters": {
                        "lolo": "0.3",
                        "lo": "0.7",
                        "hi": "2.5",
                        "hihi": "2.8",
                        "deadband": "0.1"
                    },
                    "isHistory": true
                },
                {
                    "name": "DischargeValve_1",
                    "dataType": "Bool",
                    "plc": "TankController",
                    "address": "DB1.DBX8.4",
                    "access": "read",
                    "unit": "",
                    "isAlarm": true,
                    "alarmType": "0",
                    "parameters": {
                        "lolo": "0.3",
                        "lo": "0.7",
                        "hi": "2.5",
                        "hihi": "2.8",
                        "deadband": "0.1"
                    },
                    "isHistory": true
                },
                {
                    "name": "Mode_1",
                    "dataType": "Bool",
                    "plc": "TankController",
                    "address": "DB1.DBX8.2",
                    "access": "read",
                    "unit": "",
                    "isAlarm": false,
                    "alarmType": null,
                    "parameters": {
                        "lolo": null,
                        "lo": null,
                        "hi": null,
                        "hihi": null,
                        "deadband": null
                    },
                    "isHistory": false
                },
                {
                    "name": "StartLight_1",
                    "dataType": "Bool",
                    "plc": "TankController",
                    "address": "Q0.0",
                    "access": "read",
                    "unit": "",
                    "isAlarm": false,
                    "alarmType": null,
                    "parameters": {
                        "lolo": null,
                        "lo": null,
                        "hi": null,
                        "hihi": null,
                        "deadband": null
                    },
                    "isHistory": false
                },
                {
                    "name": "StopLight_1",
                    "dataType": "Bool",
                    "plc": "TankController",
                    "address": "Q0.1",
                    "access": "read",
                    "unit": "",
                    "isAlarm": false,
                    "alarmType": null,
                    "parameters": {
                        "lolo": null,
                        "lo": null,
                        "hi": null,
                        "hihi": null,
                        "deadband": null
                    },
                    "isHistory": false
                }
            ]
        }
    ],
    "user": "thesis@gmail.com",
    "creationTime": "2019-05-17 11:18:12",
    "lastActive": "2019-05-28 21:06:54",
    "published": true,
    "status": false,
    "fileName": "deviceConfig_DHBK2019-1.json",
    "link": "/published/thesis@gmail.com/Device_DHBK2019-1_publish.ejs"
}