{
    "deviceName": "Sorting Station",
    "deviceID": "DHBK2019-2",
    "longitude": "106.677597",
    "latitude": "11.073170",
    "period": "5000",
    "PLCs": [
        {
            "name": "Controller",
            "protocol": "S7-connection",
            "ipAddress": "192.168.100.161",
            "variables": [
                {
                    "name": "Start",
                    "dataType": "Bool",
                    "plc": "Controller",
                    "address": "M11.4",
                    "access": "read/write",
                    "unit": "",
                    "isAlarm": false,
                    "alarmType": null,
                    "parameters": {
                        "lolo": null,
                        "lo": null,
                        "hi": null,
                        "hihi": null,
                        "deadband": null
                    },
                    "isHistory": false
                },
                {
                    "name": "Stop",
                    "dataType": "Bool",
                    "plc": "Controller",
                    "address": "M11.5",
                    "access": "read/write",
                    "unit": "",
                    "isAlarm": false,
                    "alarmType": null,
                    "parameters": {
                        "lolo": null,
                        "lo": null,
                        "hi": null,
                        "hihi": null,
                        "deadband": null
                    },
                    "isHistory": false
                },
                {
                    "name": "StartLight",
                    "dataType": "Bool",
                    "plc": "Controller",
                    "address": "Q0.0",
                    "access": "read",
                    "unit": "",
                    "isAlarm": false,
                    "alarmType": null,
                    "parameters": {
                        "lolo": null,
                        "lo": null,
                        "hi": null,
                        "hihi": null,
                        "deadband": null
                    },
                    "isHistory": false
                },
                {
                    "name": "StopLight",
                    "dataType": "Bool",
                    "plc": "Controller",
                    "address": "Q0.1",
                    "access": "read",
                    "unit": "",
                    "isAlarm": false,
                    "alarmType": null,
                    "parameters": {
                        "lolo": null,
                        "lo": null,
                        "hi": null,
                        "hihi": null,
                        "deadband": null
                    },
                    "isHistory": false
                },
                {
                    "name": "BlueProduct",
                    "dataType": "uInt",
                    "plc": "Controller",
                    "address": "QW2",
                    "access": "read",
                    "unit": "product",
                    "isAlarm": false,
                    "alarmType": null,
                    "parameters": {
                        "lolo": null,
                        "lo": null,
                        "hi": null,
                        "hihi": null,
                        "deadband": null
                    },
                    "isHistory": false
                },
                {
                    "name": "GreenProduct",
                    "dataType": "uInt",
                    "plc": "Controller",
                    "address": "QW4",
                    "access": "read",
                    "unit": "product",
                    "isAlarm": false,
                    "alarmType": null,
                    "parameters": {
                        "lolo": null,
                        "lo": null,
                        "hi": null,
                        "hihi": null,
                        "deadband": null
                    },
                    "isHistory": false
                },
                {
                    "name": "OtherProduct",
                    "dataType": "uInt",
                    "plc": "Controller",
                    "address": "QW6",
                    "access": "read",
                    "unit": "product",
                    "isAlarm": false,
                    "alarmType": null,
                    "parameters": {
                        "lolo": null,
                        "lo": null,
                        "hi": null,
                        "hihi": null,
                        "deadband": null
                    },
                    "isHistory": false
                },
                {
                    "name": "TotalRunningTime",
                    "dataType": "uDInt",
                    "plc": "Controller",
                    "address": "MD12",
                    "access": "read",
                    "unit": "min",
                    "isAlarm": false,
                    "alarmType": null,
                    "parameters": {
                        "lolo": null,
                        "lo": null,
                        "hi": null,
                        "hihi": null,
                        "deadband": null
                    },
                    "isHistory": false
                },
                {
                    "name": "EntryConveyor",
                    "dataType": "Bool",
                    "plc": "Controller",
                    "address": "Q0.3",
                    "access": "read",
                    "unit": "",
                    "isAlarm": false,
                    "alarmType": null,
                    "parameters": {
                        "lolo": null,
                        "lo": null,
                        "hi": null,
                        "hihi": null,
                        "deadband": null
                    },
                    "isHistory": false
                },
                {
                    "name": "ExitConveyor",
                    "dataType": "Bool",
                    "plc": "Controller",
                    "address": "Q0.4",
                    "access": "read",
                    "unit": "",
                    "isAlarm": false,
                    "alarmType": null,
                    "parameters": {
                        "lolo": null,
                        "lo": null,
                        "hi": null,
                        "hihi": null,
                        "deadband": null
                    },
                    "isHistory": false
                },
                {
                    "name": "MaintAlarm",
                    "dataType": "Bool",
                    "plc": "Controller",
                    "address": "M11.2",
                    "access": "read",
                    "unit": "",
                    "isAlarm": true,
                    "alarmType": "0",
                    "parameters": {
                        "lolo": "",
                        "lo": "",
                        "hi": "",
                        "hihi": "",
                        "deadband": ""
                    },
                    "isHistory": false
                },
                {
                    "name": "ResetMaint",
                    "dataType": "Bool",
                    "plc": "Controller",
                    "address": "M11.3",
                    "access": "read/write",
                    "unit": "",
                    "isAlarm": false,
                    "alarmType": null,
                    "parameters": {
                        "lolo": null,
                        "lo": null,
                        "hi": null,
                        "hihi": null,
                        "deadband": null
                    },
                    "isHistory": false
                }
            ]
        }
    ],
    "user": "thesis@gmail.com",
    "creationTime": "2019-05-19 23:35:29",
    "lastActive": "2019-06-01 17:43:38",
    "published": true,
    "status": false,
    "fileName": "deviceConfig_DHBK2019-2.json",
    "link": "/published/thesis@gmail.com/Device_DHBK2019-2_publish.ejs"
}