{
    "deviceName": "Device 1",
    "deviceID": "123456",
    "longitude": "105.125893",
    "latitude": "10.521584",
    "period": "1000",
    "PLCs": [
        {
            "name": "PLC-1",
            "protocol": "S7-connection",
            "ipAddress": "192.168.1.1",
            "variables": [
                {
                    "name": "Bien1.1",
                    "dataType": "Bool",
                    "plc": "PLC-1",
                    "address": "1.1",
                    "access": "read",
                    "unit": "",
                    "isAlarm": true,
                    "isHistory": false
                },
                {
                    "name": "Bien1.2",
                    "dataType": "Int",
                    "plc": "PLC-1",
                    "address": "1.2",
                    "access": "read",
                    "unit": "RPM",
                    "isAlarm": false,
                    "isHistory": true
                },
                {
                    "name": "Bien1.3",
                    "dataType": "Double",
                    "plc": "PLC-1",
                    "address": "1.3",
                    "access": "read",
                    "unit": "X",
                    "isAlarm": true,
                    "isHistory": true
                }
            ]
        },
        {
            "name": "PLC-2",
            "protocol": "ModbusTCP",
            "ipAddress": "192.168.1.2",
            "variables": [
                {
                    "name": "Bien1.4",
                    "dataType": "Double",
                    "plc": "PLC-2",
                    "address": "1.4",
                    "access": "read",
                    "unit": "",
                    "isAlarm": false,
                    "isHistory": false
                },
                {
                    "name": "Bien1.5",
                    "dataType": "Double",
                    "plc": "PLC-2",
                    "address": "1.5",
                    "access": "read",
                    "unit": "",
                    "isAlarm": false,
                    "isHistory": false
                }
            ]
        },
        {
            "name": "PLC-3",
            "protocol": "OPCUA",
            "ipAddress": "192.168.1.3",
            "variables": [
                {
                    "name": "Bien1.6",
                    "dataType": "Double",
                    "plc": "PLC-3",
                    "address": "1.6",
                    "access": "read",
                    "unit": "",
                    "isAlarm": false,
                    "isHistory": true
                }
            ]
        }
    ],
    "user": "nmkhanhbk@gmail.com",
    "creationTime": "3/1/2019, 2:28:57 AM",
    "lastActive": "",
    "status": false,
	"published": false,
	"fileName": "deviceConfig_123456.json"
}